<?xml version="1.0"?>
<doc>
    <assembly>
        <name>TwitchLib.Api.Helix</name>
    </assembly>
    <members>
        <member name="M:TwitchLib.Api.Helix.Helix.#ctor(Microsoft.Extensions.Logging.ILoggerFactory,TwitchLib.Api.Core.Interfaces.IRateLimiter,TwitchLib.Api.Core.Interfaces.IApiSettings,TwitchLib.Api.Core.Interfaces.IHttpCallHandler)">
            <summary>
            Creates an Instance of the Helix Class.
            </summary>
            <param name="loggerFactory">Instance Of LoggerFactory, otherwise no logging is used, </param>
            <param name="rateLimiter">Instance Of RateLimiter, otherwise no ratelimiter is used.</param>
            <param name="settings">Instance of ApiSettings, otherwise defaults used, can be changed later</param>
            <param name="http">Instance of HttpCallHandler, otherwise default handler used</param>
        </member>
        <member name="M:TwitchLib.Api.Helix.Moderation.BanUserAsync(System.String,System.String,TwitchLib.Api.Helix.Models.Moderation.BanUser.BanUserRequest,System.String)">
            <summary>
            Ban or Timeout an user from chat. If a duration is specified it is treated as a timeout, if you omit a duration is a permanent ban.
            </summary>
            <param name="broadcasterId">Id of the broadcaster channel from which you want to ban/timeout somebody</param>
            <param name="moderatorId">Id of the moderator that wants to ban/timeout somebody (if you use the broadcaster account this has to be the broadcasterId)</param>
            <param name="banUserRequest">request object containing the information about the ban like the userId of the user to ban, the reason and optional duration</param>
            <param name="accessToken">optional access token to override the one used while creating the TwitchAPI object</param>
            <returns cref="T:TwitchLib.Api.Helix.Models.Moderation.BanUser.BanUserResponse"></returns>
            <exception cref="T:TwitchLib.Api.Core.Exceptions.BadParameterException"></exception>
        </member>
    </members>
</doc>
