<?xml version="1.0"?>
<doc>
    <assembly>
        <name>H.Engine.IO</name>
    </assembly>
    <members>
        <member name="T:H.Engine.IO.EngineIoClient">
            <summary>
            Engine.IO Client
            </summary>
        </member>
        <member name="P:H.Engine.IO.EngineIoClient.WebSocketClient">
            <summary>
            Internal WebSocket Client
            </summary>
        </member>
        <member name="P:H.Engine.IO.EngineIoClient.Proxy">
            <summary>
            Proxy
            </summary>
        </member>
        <member name="P:H.Engine.IO.EngineIoClient.OpenMessage">
            <summary>
            This property contains OpenMessage after successful <seealso cref="M:H.Engine.IO.EngineIoClient.OpenAsync(System.Uri,System.Threading.CancellationToken)"/>
            </summary>
        </member>
        <member name="P:H.Engine.IO.EngineIoClient.Id">
            <summary>
            An unique identifier for the socket session. <br/>
            Set after the <seealso cref="E:H.Engine.IO.EngineIoClient.Opened"/> event is triggered.
            </summary>
        </member>
        <member name="P:H.Engine.IO.EngineIoClient.IsOpened">
            <summary>
            This property is true after successful <seealso cref="M:H.Engine.IO.EngineIoClient.OpenAsync(System.Uri,System.Threading.CancellationToken)"/>
            </summary>
        </member>
        <member name="P:H.Engine.IO.EngineIoClient.Uri">
            <summary>
            Opened uri.
            </summary>
        </member>
        <member name="E:H.Engine.IO.EngineIoClient.Opened">
            <summary>
            
            </summary>
        </member>
        <member name="E:H.Engine.IO.EngineIoClient.Closed">
            <summary>
            
            </summary>
        </member>
        <member name="E:H.Engine.IO.EngineIoClient.PingSent">
            <summary>
            
            </summary>
        </member>
        <member name="E:H.Engine.IO.EngineIoClient.PingReceived">
            <summary>
            
            </summary>
        </member>
        <member name="E:H.Engine.IO.EngineIoClient.PongReceived">
            <summary>
            
            </summary>
        </member>
        <member name="E:H.Engine.IO.EngineIoClient.MessageReceived">
            <summary>
            
            </summary>
        </member>
        <member name="E:H.Engine.IO.EngineIoClient.Upgraded">
            <summary>
            
            </summary>
        </member>
        <member name="E:H.Engine.IO.EngineIoClient.NoopReceived">
            <summary>
            
            </summary>
        </member>
        <member name="E:H.Engine.IO.EngineIoClient.ExceptionOccurred">
            <summary>
            
            </summary>
        </member>
        <member name="M:H.Engine.IO.EngineIoClient.#ctor(System.String)">
            <summary>
            
            </summary>
            <param name="framework"></param>
        </member>
        <member name="M:H.Engine.IO.EngineIoClient.OpenAsync(System.Uri,System.Threading.CancellationToken)">
            <summary>
            
            </summary>
            <param name="uri"></param>
            <param name="cancellationToken"></param>
            <exception cref="T:System.ObjectDisposedException"></exception>
            <exception cref="T:System.ArgumentNullException"></exception>
            <returns></returns>
        </member>
        <member name="M:H.Engine.IO.EngineIoClient.OpenAsync(System.Uri,System.TimeSpan,System.Threading.CancellationToken)">
            <summary>
            
            </summary>
            <param name="uri"></param>
            <param name="timeout"></param>
            <param name="cancellationToken"></param>
            <returns></returns>
        </member>
        <member name="M:H.Engine.IO.EngineIoClient.CloseAsync(System.Threading.CancellationToken)">
            <summary>
            
            </summary>
            <param name="cancellationToken"></param>
            <returns></returns>
        </member>
        <member name="M:H.Engine.IO.EngineIoClient.SendMessageAsync(System.String,System.Threading.CancellationToken)">
            <summary>
            Sends new data with message prefix
            </summary>
            <param name="message"></param>
            <param name="cancellationToken"></param>
            <returns></returns>
        </member>
        <member name="M:H.Engine.IO.EngineIoClient.Dispose">
            <summary>
            Dispose internal resources
            Prefer DisposeAsync if possible
            </summary>
            <returns></returns>
        </member>
        <member name="T:H.Engine.IO.EngineIoOpenMessage">
            <summary>
            
            </summary>
        </member>
        <member name="P:H.Engine.IO.EngineIoOpenMessage.Sid">
            <summary>
            
            </summary>
        </member>
        <member name="P:H.Engine.IO.EngineIoOpenMessage.Upgrades">
            <summary>
            
            </summary>
        </member>
        <member name="P:H.Engine.IO.EngineIoOpenMessage.PingInterval">
            <summary>
            
            </summary>
        </member>
        <member name="P:H.Engine.IO.EngineIoOpenMessage.PingTimeout">
            <summary>
            
            </summary>
        </member>
        <member name="M:H.Engine.IO.EngineIoOpenMessage.ToString">
            <summary>
            
            </summary>
            <returns></returns>
        </member>
        <member name="T:H.Engine.IO.EngineIoPacket">
            <summary>
            See https://github.com/socketio/engine.io-protocol#packet
            </summary>
        </member>
        <member name="F:H.Engine.IO.EngineIoPacket.OpenPrefix">
            <summary>
            See https://github.com/socketio/engine.io-protocol#0-open
            </summary>
        </member>
        <member name="F:H.Engine.IO.EngineIoPacket.ClosePrefix">
            <summary>
            See https://github.com/socketio/engine.io-protocol#1-close
            </summary>
        </member>
        <member name="F:H.Engine.IO.EngineIoPacket.PingPrefix">
            <summary>
            See https://github.com/socketio/engine.io-protocol#2-ping
            </summary>
        </member>
        <member name="F:H.Engine.IO.EngineIoPacket.PongPrefix">
            <summary>
            See https://github.com/socketio/engine.io-protocol#3-pong
            </summary>
        </member>
        <member name="F:H.Engine.IO.EngineIoPacket.MessagePrefix">
            <summary>
            See https://github.com/socketio/engine.io-protocol#4-message
            </summary>
        </member>
        <member name="F:H.Engine.IO.EngineIoPacket.UpgradePrefix">
            <summary>
            See https://github.com/socketio/engine.io-protocol#5-upgrade
            </summary>
        </member>
        <member name="F:H.Engine.IO.EngineIoPacket.NoopPrefix">
            <summary>
            See https://github.com/socketio/engine.io-protocol#6-noop
            </summary>
        </member>
        <member name="P:H.Engine.IO.EngineIoPacket.Prefix">
            <summary>
            Packet type
            </summary>
        </member>
        <member name="P:H.Engine.IO.EngineIoPacket.Value">
            <summary>
            Packet value
            </summary>
        </member>
        <member name="M:H.Engine.IO.EngineIoPacket.#ctor(System.String,System.String)">
            <summary>
            
            </summary>
            <param name="prefix"></param>
            <param name="value"></param>
        </member>
        <member name="M:H.Engine.IO.EngineIoPacket.Decode(System.String)">
            <summary>
            
            </summary>
            <param name="message"></param>
            <returns></returns>
        </member>
        <member name="M:H.Engine.IO.EngineIoPacket.Encode">
            <summary>
            
            </summary>
            <returns></returns>
        </member>
    </members>
</doc>
